band,mean,std,min,max
red,1037.286040282876,1904.2959434328625,0,18946
blue,1151.790453300705,1750.604181575628,0,17921
green,1104.9148078715841,1826.4259497470275,0,17064
