band,mean,std,min,max
"green",912.063215,1527.788724,0,17881
"blue", 923.677824,1436.245623,0,18989
"red",783.130904,1562.511727,0,20566